{
    "versions": {
        "scheme": "1.0",
        "csbuild": "[v22100613-STATIC_4.5.2-110-ge2324b5a0][engine-STATIC_4.5.2-39-g976a2bd]",
        "preprocessor": "1.0"
    },
    "serverURL": "211.47.191.43",
    "projectKey": "ZG01",
    "toolchains": [
        {
            "language": "c",
            "compiler": "gcc53",
            "linker": "unknown",
            "archive": "unknown",
            "conf": [
                "cs_define_macro_name=i386",
                "cs_define_macro_value=__CHAR_BIT__;8",
                "cs_define_macro_value=__SCHAR_MAX__;127",
                "cs_define_macro_value=__SHRT_MAX__;32767",
                "cs_define_macro_value=__WCHAR_MAX__;2147483647",
                "cs_define_macro_value=__INT_MAX__;2147483647",
                "cs_define_macro_value=__LONG_MAX__;2147483647",
                "cs_define_macro_value=__LONG_LONG_MAX__;9223372036854775807",
                "cs_define_macro_value=__INTMAX_MAX__;9223372036854775807",
                "cs_define_macro_value=__FLT_MANT_DIG__;24",
                "cs_define_macro_value=__FLT_DIG__;6",
                "cs_define_macro_value=__FLT_RADIX__;2",
                "cs_define_macro_value=__FLT_MIN_EXP__;-125",
                "cs_define_macro_value=__FLT_MIN_10_EXP__;-37",
                "cs_define_macro_value=__FLT_MAX_EXP__;128",
                "cs_define_macro_value=__FLT_MAX_10_EXP__;38",
                "cs_define_macro_value=__FLT_HAS_INFINITY__;1",
                "cs_define_macro_value=__FLT_HAS_QUIET_NAN__;1",
                "cs_define_macro_value=__FLT_DENORM_MIN__;1.4013e-45",
                "cs_define_macro_value=__FLT_MIN__;1.17549e-38",
                "cs_define_macro_value=__FLT_MAX__;3.40282e+38",
                "cs_define_macro_value=__FLT_EPSILON__;1.19209e-07",
                "cs_define_macro_value=__DBL_MANT_DIG__;53",
                "cs_define_macro_value=__DBL_DIG__;15",
                "cs_define_macro_value=__DBL_MIN_EXP__;-1021",
                "cs_define_macro_value=__DBL_MIN_10_EXP__;-307",
                "cs_define_macro_value=__DBL_MAX_EXP__;1024",
                "cs_define_macro_value=__DBL_MAX_10_EXP__;308",
                "cs_define_macro_value=__DBL_HAS_INFINITY__;1",
                "cs_define_macro_value=__DBL_HAS_QUIET_NAN__;1",
                "cs_define_macro_value=__DBL_MIN__;2.22507e-308",
                "cs_define_macro_value=__DBL_MAX__;1.79769e+308",
                "cs_define_macro_value=__DBL_DENORM_MIN__;4.94066e-324",
                "cs_define_macro_value=__DBL_EPSILON__;2.22045e-16",
                "cs_define_macro_value=__LDBL_MANT_DIG__;64",
                "cs_define_macro_value=__LDBL_DIG__;18",
                "cs_define_macro_value=__LDBL_MIN_EXP__;-16381",
                "cs_define_macro_value=__LDBL_MIN_10_EXP__;-4931",
                "cs_define_macro_value=__LDBL_MAX_EXP__;16384",
                "cs_define_macro_value=__LDBL_MAX_10_EXP__;4932",
                "cs_define_macro_value=__LDBL_HAS_INFINITY__;1",
                "cs_define_macro_value=__LDBL_HAS_QUIET_NAN__;1",
                "cs_define_macro_value=__LDBL_DENORM_MIN__;3.64519953188247460253e-4951L",
                "cs_define_macro_value=__LDBL_MIN__;3.36210314311209350626e-4932L",
                "cs_define_macro_value=__LDBL_MAX__;1.18973e+4932",
                "cs_define_macro_value=__LDBL_EPSILON__;1.0842e-19",
                "cs_define_macro_value=__NO_INLINE__;1",
                "cs_define_macro_value=__INT_LEAST8_TYPE__;signed char",
                "cs_define_macro_value=__INT_LEAST16_TYPE__;short int",
                "cs_define_macro_value=__INT_LEAST32_TYPE__;int",
                "cs_define_macro_value=__INT_LEAST64_TYPE__;long long int",
                "cs_define_macro_value=__UINT_LEAST8_TYPE__;unsigned char",
                "cs_define_macro_value=__UINT_LEAST16_TYPE__;unsigned short int",
                "cs_define_macro_value=__UINT_LEAST32_TYPE__;unsigned int",
                "cs_define_macro_value=__UINT_LEAST64_TYPE__;unsigned long long int",
                "cs_define_macro_value=__INT_FAST8_TYPE__;signed char",
                "cs_define_macro_value=__INT_FAST16_TYPE__;short int",
                "cs_define_macro_value=__INT_FAST32_TYPE__;int",
                "cs_define_macro_value=__INT_FAST64_TYPE__;long long int",
                "cs_define_macro_value=__UINT_FAST8_TYPE__;unsigned char",
                "cs_define_macro_value=__UINT_FAST16_TYPE__;unsigned short int",
                "cs_define_macro_value=__UINT_FAST32_TYPE__;unsigned int",
                "cs_define_macro_value=__UINT_FAST64_TYPE__;unsigned long long int",
                "cs_define_macro_value=__INTMAX_TYPE__;long long int",
                "cs_define_macro_value=__UINTMAX_TYPE__;unsigned long long int",
                "cs_define_macro_value=__SIZE_TYPE__;unsigned int",
                "cs_define_macro_value=__PTRDIFF_TYPE__;int",
                "cs_define_macro_value=__INTPTR_TYPE__;int",
                "cs_define_macro_value=__UINTPTR_TYPE__;unsigned int",
                "cs_for_init_scope=inner",
                "cs_using_std=disable",
                "cs_plain_char=signed",
                "cs_plain_bit_field=unsigned",
                "cs_set_type_size=int;4",
                "cs_set_type_size=long;4",
                "cs_set_type_size=pointer;4",
                "cs_set_type_size=float;4",
                "cs_set_type_size=double;8",
                "cs_size_t_kind=int",
                "gnu_version=50300",
                "cs_replace_include_system",
                "display_error_number"
            ],
            "include": [
                "c:\\users\\choig\\appdata\\roaming\\codescroll\\compiler\\gcc\\5.3.0\\32bit\\lib\\gcc\\mingw32\\5.3.0\\include",
                "c:\\users\\choig\\appdata\\roaming\\codescroll\\compiler\\gcc\\5.3.0\\32bit\\include",
                "c:\\users\\choig\\appdata\\roaming\\codescroll\\compiler\\gcc\\5.3.0\\32bit\\lib\\gcc\\mingw32\\5.3.0\\include-fixed"
            ]
        },
        {
            "language": "cpp",
            "compiler": "gcc53",
            "linker": "unknown",
            "archive": "unknown",
            "conf": [
                "cs_define_macro_name=i386",
                "cs_define_macro_value=__CHAR_BIT__;8",
                "cs_define_macro_value=__SCHAR_MAX__;127",
                "cs_define_macro_value=__SHRT_MAX__;32767",
                "cs_define_macro_value=__WCHAR_MAX__;2147483647",
                "cs_define_macro_value=__INT_MAX__;2147483647",
                "cs_define_macro_value=__LONG_MAX__;2147483647",
                "cs_define_macro_value=__LONG_LONG_MAX__;9223372036854775807",
                "cs_define_macro_value=__INTMAX_MAX__;9223372036854775807",
                "cs_define_macro_value=__FLT_MANT_DIG__;24",
                "cs_define_macro_value=__FLT_DIG__;6",
                "cs_define_macro_value=__FLT_RADIX__;2",
                "cs_define_macro_value=__FLT_MIN_EXP__;-125",
                "cs_define_macro_value=__FLT_MIN_10_EXP__;-37",
                "cs_define_macro_value=__FLT_MAX_EXP__;128",
                "cs_define_macro_value=__FLT_MAX_10_EXP__;38",
                "cs_define_macro_value=__FLT_HAS_INFINITY__;1",
                "cs_define_macro_value=__FLT_HAS_QUIET_NAN__;1",
                "cs_define_macro_value=__FLT_DENORM_MIN__;1.4013e-45",
                "cs_define_macro_value=__FLT_MIN__;1.17549e-38",
                "cs_define_macro_value=__FLT_MAX__;3.40282e+38",
                "cs_define_macro_value=__FLT_EPSILON__;1.19209e-07",
                "cs_define_macro_value=__DBL_MANT_DIG__;53",
                "cs_define_macro_value=__DBL_DIG__;15",
                "cs_define_macro_value=__DBL_MIN_EXP__;-1021",
                "cs_define_macro_value=__DBL_MIN_10_EXP__;-307",
                "cs_define_macro_value=__DBL_MAX_EXP__;1024",
                "cs_define_macro_value=__DBL_MAX_10_EXP__;308",
                "cs_define_macro_value=__DBL_HAS_INFINITY__;1",
                "cs_define_macro_value=__DBL_HAS_QUIET_NAN__;1",
                "cs_define_macro_value=__DBL_MIN__;2.22507e-308",
                "cs_define_macro_value=__DBL_MAX__;1.79769e+308",
                "cs_define_macro_value=__DBL_DENORM_MIN__;4.94066e-324",
                "cs_define_macro_value=__DBL_EPSILON__;2.22045e-16",
                "cs_define_macro_value=__LDBL_MANT_DIG__;64",
                "cs_define_macro_value=__LDBL_DIG__;18",
                "cs_define_macro_value=__LDBL_MIN_EXP__;-16381",
                "cs_define_macro_value=__LDBL_MIN_10_EXP__;-4931",
                "cs_define_macro_value=__LDBL_MAX_EXP__;16384",
                "cs_define_macro_value=__LDBL_MAX_10_EXP__;4932",
                "cs_define_macro_value=__LDBL_HAS_INFINITY__;1",
                "cs_define_macro_value=__LDBL_HAS_QUIET_NAN__;1",
                "cs_define_macro_value=__LDBL_DENORM_MIN__;3.64519953188247460253e-4951L",
                "cs_define_macro_value=__LDBL_MIN__;3.36210314311209350626e-4932L",
                "cs_define_macro_value=__LDBL_MAX__;1.18973e+4932",
                "cs_define_macro_value=__LDBL_EPSILON__;1.0842e-19",
                "cs_define_macro_value=__NO_INLINE__;1",
                "cs_define_macro_value=__INT_LEAST8_TYPE__;signed char",
                "cs_define_macro_value=__INT_LEAST16_TYPE__;short int",
                "cs_define_macro_value=__INT_LEAST32_TYPE__;int",
                "cs_define_macro_value=__INT_LEAST64_TYPE__;long long int",
                "cs_define_macro_value=__UINT_LEAST8_TYPE__;unsigned char",
                "cs_define_macro_value=__UINT_LEAST16_TYPE__;unsigned short int",
                "cs_define_macro_value=__UINT_LEAST32_TYPE__;unsigned int",
                "cs_define_macro_value=__UINT_LEAST64_TYPE__;unsigned long long int",
                "cs_define_macro_value=__INT_FAST8_TYPE__;signed char",
                "cs_define_macro_value=__INT_FAST16_TYPE__;short int",
                "cs_define_macro_value=__INT_FAST32_TYPE__;int",
                "cs_define_macro_value=__INT_FAST64_TYPE__;long long int",
                "cs_define_macro_value=__UINT_FAST8_TYPE__;unsigned char",
                "cs_define_macro_value=__UINT_FAST16_TYPE__;unsigned short int",
                "cs_define_macro_value=__UINT_FAST32_TYPE__;unsigned int",
                "cs_define_macro_value=__UINT_FAST64_TYPE__;unsigned long long int",
                "cs_define_macro_value=__INTMAX_TYPE__;long long int",
                "cs_define_macro_value=__UINTMAX_TYPE__;unsigned long long int",
                "cs_define_macro_value=__SIZE_TYPE__;unsigned int",
                "cs_define_macro_value=__PTRDIFF_TYPE__;int",
                "cs_define_macro_value=__INTPTR_TYPE__;int",
                "cs_define_macro_value=__UINTPTR_TYPE__;unsigned int",
                "cs_for_init_scope=inner",
                "cs_using_std=disable",
                "cs_plain_char=signed",
                "cs_plain_bit_field=unsigned",
                "cs_set_type_size=int;4",
                "cs_set_type_size=long;4",
                "cs_set_type_size=pointer;4",
                "cs_set_type_size=float;4",
                "cs_set_type_size=double;8",
                "cs_size_t_kind=int",
                "gnu_version=50300",
                "cs_replace_include_system",
                "display_error_number"
            ],
            "include": [
                "c:\\users\\choig\\appdata\\roaming\\codescroll\\compiler\\gcc\\5.3.0\\32bit\\lib\\gcc\\mingw32\\5.3.0\\include\\c++",
                "c:\\users\\choig\\appdata\\roaming\\codescroll\\compiler\\gcc\\5.3.0\\32bit\\lib\\gcc\\mingw32\\5.3.0\\include\\c++\\mingw32",
                "c:\\users\\choig\\appdata\\roaming\\codescroll\\compiler\\gcc\\5.3.0\\32bit\\lib\\gcc\\mingw32\\5.3.0\\include\\c++\\backward",
                "c:\\users\\choig\\appdata\\roaming\\codescroll\\compiler\\gcc\\5.3.0\\32bit\\lib\\gcc\\mingw32\\5.3.0\\include",
                "c:\\users\\choig\\appdata\\roaming\\codescroll\\compiler\\gcc\\5.3.0\\32bit\\include",
                "c:\\users\\choig\\appdata\\roaming\\codescroll\\compiler\\gcc\\5.3.0\\32bit\\lib\\gcc\\mingw32\\5.3.0\\include-fixed"
            ]
        }
    ],
    "exclusions": [
        "**/.staticdata/preinclude/*"
    ]
}