{
    "C:/USERS/CHOIG/ONEDRIVE/문서/HELLO/CRC32.C": [
        "a7f7f2aaea01f565675b3468acca439c",
        false,
        false,
        "41e9c036",
        "C:/Users/choig/OneDrive/문서/hello/crc32.c"
    ],
    "C:/USERS/CHOIG/APPDATA/ROAMING/CODESCROLL/COMPILER/GCC/5.3.0/32BIT/INCLUDE/SYS/TYPES.H": [
        "_3c5fe46c00d9193831f0a850e63cece7",
        true,
        false,
        "c5651f64",
        "C:/Users/choig/AppData/Roaming/CodeScroll/Compiler/gcc/5.3.0/32bit/include/sys/types.h"
    ],
    "C:/USERS/CHOIG/ONEDRIVE/문서/HELLO/INFTREES.C": [
        "f15711d3c59b49b44ab174a74d2228e8",
        false,
        false,
        "1afea2b8",
        "C:/Users/choig/OneDrive/문서/hello/inftrees.c"
    ],
    "C:/USERS/CHOIG/ONEDRIVE/문서/HELLO/DEFLATE.H": [
        "1396160364c56ba517f01c013b1ccef4",
        false,
        false,
        "42d5afc9",
        "C:/Users/choig/OneDrive/문서/hello/deflate.h"
    ],
    "C:/USERS/CHOIG/APPDATA/ROAMING/CODESCROLL/COMPILER/GCC/5.3.0/32BIT/LIB/GCC/MINGW32/5.3.0/INCLUDE/STDARG.H": [
        "_6608b547782ee4ef613980dd3783e7fc",
        true,
        false,
        "d105ba23",
        "C:/Users/choig/AppData/Roaming/CodeScroll/Compiler/gcc/5.3.0/32bit/lib/gcc/mingw32/5.3.0/include/stdarg.h"
    ],
    "C:/USERS/CHOIG/APPDATA/ROAMING/CODESCROLL/COMPILER/GCC/5.3.0/32BIT/INCLUDE/ERRNO.H": [
        "_7e519c2f87e69aa0e6636ba9414fab0a",
        true,
        false,
        "2ed8b7d0",
        "C:/Users/choig/AppData/Roaming/CodeScroll/Compiler/gcc/5.3.0/32bit/include/errno.h"
    ],
    "C:/USERS/CHOIG/APPDATA/ROAMING/CODESCROLL/COMPILER/GCC/5.3.0/32BIT/INCLUDE/STRINGS.H": [
        "_a7bd70c90ecaa9fe8ef83fe239708c09",
        true,
        false,
        "3acffe51",
        "C:/Users/choig/AppData/Roaming/CodeScroll/Compiler/gcc/5.3.0/32bit/include/strings.h"
    ],
    "C:/USERS/CHOIG/ONEDRIVE/문서/HELLO/EXAMPLE.C": [
        "b5a7df64b2e8d673ff00c8f3e6dfe923",
        false,
        false,
        "69d5574b",
        "C:/Users/choig/OneDrive/문서/hello/example.c"
    ],
    "C:/USERS/CHOIG/APPDATA/ROAMING/CODESCROLL/COMPILER/GCC/5.3.0/32BIT/LIB/GCC/MINGW32/5.3.0/INCLUDE/STDDEF.H": [
        "_f87a551d6002fddbecefa50b88b65752",
        true,
        false,
        "e05f26ea",
        "C:/Users/choig/AppData/Roaming/CodeScroll/Compiler/gcc/5.3.0/32bit/lib/gcc/mingw32/5.3.0/include/stddef.h"
    ],
    "C:/USERS/CHOIG/ONEDRIVE/문서/HELLO/INFLATE.H": [
        "63aab5fdae9cb07bfb09b70c3b559927",
        false,
        false,
        "14aed55a",
        "C:/Users/choig/OneDrive/문서/hello/inflate.h"
    ],
    "C:/USERS/CHOIG/APPDATA/ROAMING/CODESCROLL/COMPILER/GCC/5.3.0/32BIT/INCLUDE/GETOPT.H": [
        "_e97db8836adcf50ffb2fd928edbe7260",
        true,
        false,
        "626c461e",
        "C:/Users/choig/AppData/Roaming/CodeScroll/Compiler/gcc/5.3.0/32bit/include/getopt.h"
    ],
    "C:/USERS/CHOIG/APPDATA/ROAMING/CODESCROLL/COMPILER/GCC/5.3.0/32BIT/INCLUDE/STDINT.H": [
        "_ac722c6be34db769006c6bf367db3638",
        true,
        false,
        "db55c0c9",
        "C:/Users/choig/AppData/Roaming/CodeScroll/Compiler/gcc/5.3.0/32bit/include/stdint.h"
    ],
    "C:/USERS/CHOIG/ONEDRIVE/문서/HELLO/ZUTIL.H": [
        "d2c66e8431c7cd901bccbe4ab085b252",
        false,
        false,
        "9077dc4",
        "C:/Users/choig/OneDrive/문서/hello/zutil.h"
    ],
    "C:/USERS/CHOIG/ONEDRIVE/문서/HELLO/UNCOMPR.C": [
        "fa97c6507cf59d99d6d9d436aa7141c4",
        false,
        false,
        "bd7ac2ca",
        "C:/Users/choig/OneDrive/문서/hello/uncompr.c"
    ],
    "C:/USERS/CHOIG/ONEDRIVE/문서/HELLO/COMPRESS.C": [
        "42f6dbcf568507d4fd484f5706a183ae",
        false,
        false,
        "5da7c7bd",
        "C:/Users/choig/OneDrive/문서/hello/compress.c"
    ],
    "C:/USERS/CHOIG/APPDATA/ROAMING/CODESCROLL/COMPILER/GCC/5.3.0/32BIT/INCLUDE/STDLIB.H": [
        "_6a9f51d308e9b5c17a654535b1e08d2f",
        true,
        false,
        "73f364d6",
        "C:/Users/choig/AppData/Roaming/CodeScroll/Compiler/gcc/5.3.0/32bit/include/stdlib.h"
    ],
    "C:/USERS/CHOIG/ONEDRIVE/문서/HELLO/ZLIB.H": [
        "3ac552a4970535b0f920f76513896964",
        false,
        false,
        "9f177365",
        "C:/Users/choig/OneDrive/문서/hello/zlib.h"
    ],
    "C:/USERS/CHOIG/ONEDRIVE/문서/HELLO/MINIGZIP.C": [
        "8f78fcf9775579557ea466cceff24012",
        false,
        false,
        "2beef0bf",
        "C:/Users/choig/OneDrive/문서/hello/minigzip.c"
    ],
    "C:/USERS/CHOIG/APPDATA/ROAMING/CODESCROLL/COMPILER/GCC/5.3.0/32BIT/INCLUDE/UNISTD.H": [
        "_b95c641a8c517e05395ba4e15cefb540",
        true,
        false,
        "fb097def",
        "C:/Users/choig/AppData/Roaming/CodeScroll/Compiler/gcc/5.3.0/32bit/include/unistd.h"
    ],
    "C:/USERS/CHOIG/APPDATA/ROAMING/CODESCROLL/COMPILER/GCC/5.3.0/32BIT/INCLUDE/IO.H": [
        "_62e2767f4408de6385864050604dcb27",
        true,
        false,
        "5d357363",
        "C:/Users/choig/AppData/Roaming/CodeScroll/Compiler/gcc/5.3.0/32bit/include/io.h"
    ],
    "C:/USERS/CHOIG/ONEDRIVE/문서/HELLO/ADLER32.C": [
        "40cebbcc344e7a334968353d61dd7e5e",
        false,
        false,
        "663cd395",
        "C:/Users/choig/OneDrive/문서/hello/adler32.c"
    ],
    "C:/USERS/CHOIG/ONEDRIVE/문서/HELLO/.STATICDATA/PREINCLUDE/RECENT_PREINCLUDE_CPP.H": [
        "671db7da616e01bcf40029ff0c4f4114_",
        false,
        true,
        "cb201cdc",
        "C:/Users/choig/OneDrive/문서/hello/.staticdata/preinclude/recent_preinclude_cpp.h"
    ],
    "C:/USERS/CHOIG/APPDATA/ROAMING/CODESCROLL/COMPILER/GCC/5.3.0/32BIT/INCLUDE/PROCESS.H": [
        "_9eec8b503dccc67d0c11522fca08ee28",
        true,
        false,
        "c1232fe3",
        "C:/Users/choig/AppData/Roaming/CodeScroll/Compiler/gcc/5.3.0/32bit/include/process.h"
    ],
    "C:/USERS/CHOIG/ONEDRIVE/문서/HELLO/INFTREES.H": [
        "c6ed23f8705d10b37d9b6d3dea76ef7d",
        false,
        false,
        "d008b594",
        "C:/Users/choig/OneDrive/문서/hello/inftrees.h"
    ],
    "C:/USERS/CHOIG/ONEDRIVE/문서/HELLO/INFLATE.C": [
        "c8f50c1b805ce29dba2908d872c917bb",
        false,
        false,
        "b0faf8e0",
        "C:/Users/choig/OneDrive/문서/hello/inflate.c"
    ],
    "C:/USERS/CHOIG/ONEDRIVE/문서/HELLO/CRC32.H": [
        "449503afd349d079aa14decd969b0245",
        false,
        false,
        "1914bf01",
        "C:/Users/choig/OneDrive/문서/hello/crc32.h"
    ],
    "C:/USERS/CHOIG/ONEDRIVE/문서/HELLO/.STATICDATA/PREINCLUDE/RECENT_PREINCLUDE_C.H": [
        "306227024c018cd03aca28832762ed44_",
        false,
        true,
        "dae7ffb3",
        "C:/Users/choig/OneDrive/문서/hello/.staticdata/preinclude/recent_preinclude_c.h"
    ],
    "C:/USERS/CHOIG/ONEDRIVE/문서/HELLO/INFFAST.H": [
        "d2216948dc39236c1935323a96e05d9f",
        false,
        false,
        "e4cdbad1",
        "C:/Users/choig/OneDrive/문서/hello/inffast.h"
    ],
    "C:/USERS/CHOIG/ONEDRIVE/문서/HELLO/INFBACK.C": [
        "c0f543bebe8b0c7af453adb07979202e",
        false,
        false,
        "e31793f8",
        "C:/Users/choig/OneDrive/문서/hello/infback.c"
    ],
    "C:/USERS/CHOIG/ONEDRIVE/문서/HELLO/INFFAST.C": [
        "88adfa8bdd3876ba79f8519f0c3bed9d",
        false,
        false,
        "1c6a7628",
        "C:/Users/choig/OneDrive/문서/hello/inffast.c"
    ],
    "C:/USERS/CHOIG/ONEDRIVE/문서/HELLO/ZCONF.H": [
        "5dc57cf0dff07ae55b429a2aee119387",
        false,
        false,
        "f8428535",
        "C:/Users/choig/OneDrive/문서/hello/zconf.h"
    ],
    "C:/USERS/CHOIG/ONEDRIVE/문서/HELLO/GZIO.C": [
        "c2c6a7b8b37c4327da6662430c509c52",
        false,
        false,
        "15cf34f2",
        "C:/Users/choig/OneDrive/문서/hello/gzio.c"
    ],
    "C:/USERS/CHOIG/APPDATA/ROAMING/CODESCROLL/COMPILER/GCC/5.3.0/32BIT/INCLUDE/W32API.H": [
        "_fa1190451a764df1b395b88e2710d4fd",
        true,
        false,
        "17eb4757",
        "C:/Users/choig/AppData/Roaming/CodeScroll/Compiler/gcc/5.3.0/32bit/include/w32api.h"
    ],
    "C:/USERS/CHOIG/APPDATA/ROAMING/CODESCROLL/COMPILER/GCC/5.3.0/32BIT/INCLUDE/STRING.H": [
        "_16261dba4541a2b44807ef476d39e4d9",
        true,
        false,
        "e8cf9bf4",
        "C:/Users/choig/AppData/Roaming/CodeScroll/Compiler/gcc/5.3.0/32bit/include/string.h"
    ],
    "C:/USERS/CHOIG/APPDATA/ROAMING/CODESCROLL/COMPILER/GCC/5.3.0/32BIT/INCLUDE/MSVCRTVER.H": [
        "_56ece48196489623e3f168381498aa15",
        true,
        false,
        "4fa3af4e",
        "C:/Users/choig/AppData/Roaming/CodeScroll/Compiler/gcc/5.3.0/32bit/include/msvcrtver.h"
    ],
    "C:/USERS/CHOIG/ONEDRIVE/문서/HELLO/TREES.H": [
        "812536f4163ae176086a300b465b7cc7",
        false,
        false,
        "581a4e45",
        "C:/Users/choig/OneDrive/문서/hello/trees.h"
    ],
    "C:/USERS/CHOIG/ONEDRIVE/문서/HELLO/DEFLATE.C": [
        "600917c0d822e8238eeb5d35f379062e",
        false,
        false,
        "c3687670",
        "C:/Users/choig/OneDrive/문서/hello/deflate.c"
    ],
    "C:/USERS/CHOIG/APPDATA/ROAMING/CODESCROLL/COMPILER/GCC/5.3.0/32BIT/INCLUDE/LIMITS.H": [
        "_d136528903c211e03fedaaf5ccfd1e43",
        true,
        false,
        "56b5428c",
        "C:/Users/choig/AppData/Roaming/CodeScroll/Compiler/gcc/5.3.0/32bit/include/limits.h"
    ],
    "C:/USERS/CHOIG/APPDATA/ROAMING/CODESCROLL/COMPILER/GCC/5.3.0/32BIT/INCLUDE/FCNTL.H": [
        "_86a33b8b2e18425e8e31d3568a8ee32c",
        true,
        false,
        "627f322f",
        "C:/Users/choig/AppData/Roaming/CodeScroll/Compiler/gcc/5.3.0/32bit/include/fcntl.h"
    ],
    "C:/USERS/CHOIG/APPDATA/ROAMING/CODESCROLL/COMPILER/GCC/5.3.0/32BIT/INCLUDE/STDIO.H": [
        "_6655243dd748b6a8b251e934b7e2eaa3",
        true,
        false,
        "b02a7975",
        "C:/Users/choig/AppData/Roaming/CodeScroll/Compiler/gcc/5.3.0/32bit/include/stdio.h"
    ],
    "C:/USERS/CHOIG/ONEDRIVE/문서/HELLO/INFFIXED.H": [
        "a9a5160764eb60f6e6e4873dd8f8f7ef",
        false,
        false,
        "cf40ec3f",
        "C:/Users/choig/OneDrive/문서/hello/inffixed.h"
    ],
    "C:/USERS/CHOIG/ONEDRIVE/문서/HELLO/ZUTIL.C": [
        "5dbcc789965154ee6fc22f44d019101b",
        false,
        false,
        "631cd60c",
        "C:/Users/choig/OneDrive/문서/hello/zutil.c"
    ],
    "C:/USERS/CHOIG/ONEDRIVE/문서/HELLO/TREES.C": [
        "8949867dd53da5c1159bff3d305a8ea8",
        false,
        false,
        "f77fce0e",
        "C:/Users/choig/OneDrive/문서/hello/trees.c"
    ],
    "C:/USERS/CHOIG/APPDATA/ROAMING/CODESCROLL/COMPILER/GCC/5.3.0/32BIT/INCLUDE/_MINGW.H": [
        "_09abf1387279ecc5df838551870945e3",
        true,
        false,
        "b0929379",
        "C:/Users/choig/AppData/Roaming/CodeScroll/Compiler/gcc/5.3.0/32bit/include/_mingw.h"
    ],
    "C:/USERS/CHOIG/APPDATA/ROAMING/CODESCROLL/COMPILER/GCC/5.3.0/32BIT/INCLUDE/SDKDDKVER.H": [
        "_0b4629d9b420da503aca6bd354e72eff",
        true,
        false,
        "b574ece1",
        "C:/Users/choig/AppData/Roaming/CodeScroll/Compiler/gcc/5.3.0/32bit/include/sdkddkver.h"
    ],
    "C:/USERS/CHOIG/APPDATA/ROAMING/CODESCROLL/COMPILER/GCC/5.3.0/32BIT/INCLUDE/WCHAR.H": [
        "_1f41609b3e4137d9ae0fadc0b303672f",
        true,
        false,
        "31732e2f",
        "C:/Users/choig/AppData/Roaming/CodeScroll/Compiler/gcc/5.3.0/32bit/include/wchar.h"
    ]
}