{
    "F:/SAMPLE/ZLIB-1.2.3_FOR_STATIC/A.IPP": [
        "0d7e2edc06539b4c29544f8d0917047a",
        false,
        false,
        "8b560391"
    ],
    "C:/GCC/5.3.0/32BIT/LIB/GCC/MINGW32/5.3.0/INCLUDE/STDARG.H": [
        "6608b547782ee4ef613980dd3783e7fc",
        false,
        false,
        "d105ba23"
    ],
    "F:/SAMPLE/ZLIB-1.2.3_FOR_STATIC/INFFAST.H": [
        "6829902d95364faa2e740e7359a50c30",
        false,
        false,
        "be1dfeb8"
    ],
    "F:/SAMPLE/ZLIB-1.2.3_FOR_STATIC/ZLIB.H": [
        "9c4b84aff68aa55f2e9bf70481b94333",
        false,
        false,
        "e6723800"
    ],
    "C:/GCC/5.3.0/32BIT/INCLUDE/STRING.H": [
        "16261dba4541a2b44807ef476d39e4d9",
        false,
        false,
        "e8cf9bf4"
    ],
    "F:/SAMPLE/ZLIB-1.2.3_FOR_STATIC/INFFAST.C": [
        "962b35b2eed3bf72d26eedd0f68e16a3",
        false,
        false,
        "d20c7a1b"
    ],
    "C:/GCC/5.3.0/32BIT/INCLUDE/SDKDDKVER.H": [
        "0b4629d9b420da503aca6bd354e72eff",
        false,
        false,
        "b574ece1"
    ],
    "C:/GCC/5.3.0/32BIT/INCLUDE/STDINT.H": [
        "ac722c6be34db769006c6bf367db3638",
        false,
        false,
        "db55c0c9"
    ],
    "F:/SAMPLE/ZLIB-1.2.3_FOR_STATIC/COMPRESS.C": [
        "a66706c3d84e02ecdfecc5c4ce874458",
        false,
        false,
        "3100240c"
    ],
    "F:/SAMPLE/ZLIB-1.2.3_FOR_STATIC/EXAMPLE.C": [
        "eb3de34a7e186675a9e10d24bbcc3134",
        false,
        false,
        "183ecea7"
    ],
    "C:/GCC/5.3.0/32BIT/INCLUDE/UNISTD.H": [
        "b95c641a8c517e05395ba4e15cefb540",
        false,
        false,
        "fb097def"
    ],
    "F:/SAMPLE/ZLIB-1.2.3_FOR_STATIC/INFLATE.C": [
        "9132e0c3c8f19d887904d8ba81446a33",
        false,
        false,
        "7cf7c50"
    ],
    "C:/GCC/5.3.0/32BIT/INCLUDE/GETOPT.H": [
        "e97db8836adcf50ffb2fd928edbe7260",
        false,
        false,
        "626c461e"
    ],
    "F:/SAMPLE/ZLIB-1.2.3_FOR_STATIC/CRC32.C": [
        "5bfb1ece1f5a71771ac89bb98d99ca3c",
        false,
        false,
        "256e6567"
    ],
    "F:/SAMPLE/ZLIB-1.2.3_FOR_STATIC/ZUTIL.H": [
        "2730c61c8df16928ff7a9610fe7763b4",
        false,
        false,
        "f4199bcf"
    ],
    "F:/SAMPLE/ZLIB-1.2.3_FOR_STATIC/DEFLATE.C": [
        "07ce2527a382630a0feb4a2c66be11ee",
        false,
        false,
        "29d12204"
    ],
    "C:/GCC/5.3.0/32BIT/INCLUDE/WCHAR.H": [
        "1f41609b3e4137d9ae0fadc0b303672f",
        false,
        false,
        "31732e2f"
    ],
    "F:/SAMPLE/ZLIB-1.2.3_FOR_STATIC/ZCONF.H": [
        "b690274f621402dda63bf11ba5373bf2",
        false,
        false,
        "90ccefc1"
    ],
    "C:/GCC/5.3.0/32BIT/INCLUDE/ERRNO.H": [
        "7e519c2f87e69aa0e6636ba9414fab0a",
        false,
        false,
        "2ed8b7d0"
    ],
    "C:/GCC/5.3.0/32BIT/INCLUDE/W32API.H": [
        "fa1190451a764df1b395b88e2710d4fd",
        false,
        false,
        "17eb4757"
    ],
    "C:/GCC/5.3.0/32BIT/INCLUDE/SYS/TYPES.H": [
        "3c5fe46c00d9193831f0a850e63cece7",
        false,
        false,
        "c5651f64"
    ],
    "C:/GCC/5.3.0/32BIT/INCLUDE/MSVCRTVER.H": [
        "56ece48196489623e3f168381498aa15",
        false,
        false,
        "4fa3af4e"
    ],
    "F:/SAMPLE/ZLIB-1.2.3_FOR_STATIC/GZIO.C": [
        "19a159b31ffbffdd310d880738dbfbd4",
        false,
        false,
        "93610908"
    ],
    "C:/GCC/5.3.0/32BIT/INCLUDE/STDLIB.H": [
        "6a9f51d308e9b5c17a654535b1e08d2f",
        false,
        false,
        "73f364d6"
    ],
    "C:/GCC/5.3.0/32BIT/INCLUDE/STRINGS.H": [
        "a7bd70c90ecaa9fe8ef83fe239708c09",
        false,
        false,
        "3acffe51"
    ],
    "F:/SAMPLE/ZLIB-1.2.3_FOR_STATIC/UNCOMPR.C": [
        "28b6fb408f4013e5185d59df9bf00435",
        false,
        false,
        "900189cc"
    ],
    "F:/SAMPLE/ZLIB-1.2.3_FOR_STATIC/TREES.C": [
        "dff7366a93335d5efc87daeb99ca9a6c",
        false,
        false,
        "786b5eae"
    ],
    "F:/SAMPLE/ZLIB-1.2.3_FOR_STATIC/INFLATE.H": [
        "33ea38bfbc068b14f1931aff7cce56ac",
        false,
        false,
        "a92335c6"
    ],
    "F:/SAMPLE/ZLIB-1.2.3_FOR_STATIC/INFBACK.C": [
        "79484c049a6c2a110eff24b5235dd4a3",
        false,
        false,
        "8ec61928"
    ],
    "F:\\Sample\\zlib-1.2.3_for_STATIC\\.staticdata\\preinclude\\recent_preinclude_c.h": [
        "306227024c018cd03aca28832762ed44_",
        false,
        true,
        "dae7ffb3"
    ],
    "F:/SAMPLE/ZLIB-1.2.3_FOR_STATIC/ZUTIL.C": [
        "4156c94cdfd9c48c4246fe4ee160f96c",
        false,
        false,
        "362bf6c8"
    ],
    "C:/GCC/5.3.0/32BIT/LIB/GCC/MINGW32/5.3.0/INCLUDE/STDDEF.H": [
        "f87a551d6002fddbecefa50b88b65752",
        false,
        false,
        "e05f26ea"
    ],
    "F:/SAMPLE/ZLIB-1.2.3_FOR_STATIC/TREES.H": [
        "9c26c55c8a5b7121850f83947a523c04",
        false,
        false,
        "ff5d42a7"
    ],
    "F:/SAMPLE/ZLIB-1.2.3_FOR_STATIC/INFFIXED.H": [
        "28aabce27feb2810caf634a39abb9d8b",
        false,
        false,
        "bcf77f7d"
    ],
    "C:/GCC/5.3.0/32BIT/INCLUDE/_MINGW.H": [
        "09abf1387279ecc5df838551870945e3",
        false,
        false,
        "b0929379"
    ],
    "F:/SAMPLE/ZLIB-1.2.3_FOR_STATIC/INFTREES.C": [
        "a6a36b368661bdabf81b1fe66f3e1831",
        false,
        false,
        "335dd8fa"
    ],
    "C:/GCC/5.3.0/32BIT/INCLUDE/FCNTL.H": [
        "86a33b8b2e18425e8e31d3568a8ee32c",
        false,
        false,
        "627f322f"
    ],
    "C:/GCC/5.3.0/32BIT/INCLUDE/PROCESS.H": [
        "9eec8b503dccc67d0c11522fca08ee28",
        false,
        false,
        "c1232fe3"
    ],
    "C:/GCC/5.3.0/32BIT/INCLUDE/LIMITS.H": [
        "d136528903c211e03fedaaf5ccfd1e43",
        false,
        false,
        "56b5428c"
    ],
    "F:/SAMPLE/ZLIB-1.2.3_FOR_STATIC/CRC32.H": [
        "4d1cfa258e52f3f91b09afdba248fec5",
        false,
        false,
        "f4e5ec2a"
    ],
    "C:/GCC/5.3.0/32BIT/INCLUDE/STDIO.H": [
        "6655243dd748b6a8b251e934b7e2eaa3",
        false,
        false,
        "b02a7975"
    ],
    "C:/GCC/5.3.0/32BIT/INCLUDE/IO.H": [
        "62e2767f4408de6385864050604dcb27",
        false,
        false,
        "5d357363"
    ],
    "F:\\Sample\\zlib-1.2.3_for_STATIC\\.staticdata\\preinclude\\recent_preinclude_cpp.h": [
        "671db7da616e01bcf40029ff0c4f4114_",
        false,
        true,
        "cb201cdc"
    ],
    "F:/SAMPLE/ZLIB-1.2.3_FOR_STATIC/MINIGZIP.C": [
        "76800165efde5cd7afde4ec84624bc0c",
        false,
        false,
        "b58e15e7"
    ],
    "F:/SAMPLE/ZLIB-1.2.3_FOR_STATIC/ADLER32.C": [
        "601e8f6bcd1f4044946d0d48780ddb1b",
        false,
        false,
        "1ca37993"
    ],
    "F:/SAMPLE/ZLIB-1.2.3_FOR_STATIC/INFTREES.H": [
        "438e654ab8fe4725813cfa33107c2863",
        false,
        false,
        "a703f589"
    ],
    "F:/SAMPLE/ZLIB-1.2.3_FOR_STATIC/DEFLATE.H": [
        "559347a9c7a3955d2c654ec2a9dc482f",
        false,
        false,
        "35ec2dde"
    ]
}